[
    {
        "name": "Logan Grimnar",
        "type": "EpicHero",
        "limit": 1,
        "cost": 100,
        "image": "images/logan.webp"
    },
    {
        "name": "Logan Grimnar on Stormrider",
        "type": "EpicHero",
        "limit": 1,
        "cost": 180,
        "image": "images/logan-on-stormrider.webp"
    },
    {
        "name": "Bjorn the Fell-Handed",
        "type": "EpicHero",
        "limit": 1,
        "cost": 180,
        "image": "images/bjorn.webp"
    },
    {
        "name": "Arjac Rockfist",
        "type": "EpicHero",
        "limit": 1,
        "cost": 95,
        "image": "images/arjac.webp"
    },
    {
        "name": "Canis Wolfborn",
        "type": "EpicHero",
        "limit": 1,
        "cost": 75,
        "image": "images/canis.webp"
    },
    {
        "name": "Herald Deathwolf",
        "type": "EpicHero",
        "limit": 1,
        "cost": 85,
        "image": "images/herald-deathwolf.webp"
    },
    {
        "name": "Krom Dragongaze",
        "type": "EpicHero",
        "limit": 1,
        "cost": 65,
        "image": "images/krom.webp"
    },
    {
        "name": "Lukas the Trickster",
        "type": "EpicHero",
        "limit": 1,
        "cost": 50,
        "image": "images/lukas.webp"
    },
    {
        "name": "Murderfang",
        "type": "EpicHero",
        "limit": 1,
        "cost": 170,
        "image": "images/murderfang.webp"
    },
    {
        "name": "Njal Stormcaller",
        "type": "EpicHero",
        "limit": 1,
        "cost": 85,
        "image": "images/njal.webp"
    },
    {
        "name": "Ragnar Blackmane",
        "type": "EpicHero",
        "limit": 1,
        "cost": 90,
        "image": "images/ragnar.webp"
    },
    {
        "name": "Ulric the Slayer",
        "type": "EpicHero",
        "limit": 1,
        "cost": 70,
        "image": "images/ulric.webp"
    },
    {
        "name": "Wolf Guard Battle Leader in Terminator Armour",
        "type": "Character",
        "limit": 3,
        "cost": 75,
        "image": "images/wg-battle-leader-in-terminator-armour.webp"
    },
    {
        "name": "Wolf Guard Battle Leader on Thunderwolf",
        "type": "Character",
        "limit": 3,
        "cost": 80,
        "image": "images/wg-battle-leader-on-thunderwolf.webp"
    },
    {
        "name": "Wolf Guard Pack Leader",
        "type": "Character",
        "limit": 3,
        "cost": 30,
        "image": "images/wg-pack-leader.webp"
    },
    {
        "name": "Wolf Guard Pack Leader in Terminator Armour",
        "type": "Character",
        "limit": 3,
        "cost": 40,
        "image": "images/wg-pack-leader-in-terminator-armour.webp"
    },
    {
        "name": "Wolf Guard Pack Leader with Jump Pack",
        "type": "Character",
        "limit": 3,
        "cost": 35,
        "image": "images/wg-pack-leader-with-jump-pack.webp"
    },
    {
        "name": "Wolf Lord on Thunderwolf",
        "type": "Character",
        "limit": 3,
        "cost": 100,
        "image": "images/wolf-lord-on-thunderwolf.webp"
    },
    {
        "name": "Cyberwolf",
        "type": "Character",
        "limit": 3,
        "cost": 20,
        "image": "images/cyberwolf.webp"
    },
    {
        "name": "Blood Claws",
        "type": "Battleline",
        "limit": 6,
        "cost": 140,
        "image": "images/blood-claws.webp"
    },
    {
        "name": "Grey Hunters",
        "type": "Battleline",
        "limit": 6,
        "cost": 85,
        "image": "images/grey-hunters.webp"
    },
    {
        "name": "Hounds of Morkai",
        "type": "Infantry",
        "limit": 3,
        "cost": 90,
        "image": "images/hounds-of-morkai.webp"
    },
    {
        "name": "Long Fangs",
        "type": "Infantry",
        "limit": 3,
        "cost": 140,
        "image": "images/long-fangs.webp"
    },
    {
        "name": "Skyclaws",
        "type": "Infantry",
        "limit": 3,
        "cost": 90,
        "image": "images/skyclaws.webp"
    },
    {
        "name": "Wolf Guard",
        "type": "Infantry",
        "limit": 3,
        "cost": 95,
        "image": "images/wolf-guard.webp"
    },
    {
        "name": "Wolf Guard Terminators",
        "type": "Infantry",
        "limit": 3,
        "cost": 185,
        "image": "images/wolf-guard-terminators.webp"
    },
    {
        "name": "Wolf Scouts",
        "type": "Infantry",
        "limit": 3,
        "cost": 75,
        "image": "images/wolf-scouts.webp"
    },
    {
        "name": "Wulfen",
        "type": "Infantry",
        "limit": 3,
        "cost": 80,
        "image": "images/wulfen.webp"
    },
    {
        "name": "Fenrisian Wolves",
        "type": "Beast",
        "limit": 3,
        "cost": 30,
        "image": "images/fenrisian-wolves.webp"
    },
    {
        "name": "Space Wolves Venerable Dreadnought",
        "type": "Vehicle",
        "limit": 3,
        "cost": 155,
        "image": "images/space-wolves-dreadnought.webp"
    },
    {
        "name": "Stormwolf",
        "type": "Vehicle",
        "limit": 3,
        "cost": 250,
        "image": "images/stormwolf.webp"
    },
    {
        "name": "Wulfen Dreadnought",
        "type": "Vehicle",
        "limit": 3,
        "cost": 130,
        "image": "images/wulfen-dreadnought.webp"
    },
    {
        "name": "Apothecary",
        "type": "Character",
        "limit": 3,
        "cost": 50,
        "image": "images/apothicary.webp"
    },
    {
        "name": "Captain",
        "type": "Character",
        "limit": 3,
        "cost": 80,
        "image": "images/captain.webp"
    },
    {
        "name": "Captain in Terminator Armour",
        "type": "Character",
        "limit": 3,
        "cost": 95,
        "image": "images/captain-in-terminator-armour.webp"
    },
    {
        "name": "Chaplain",
        "type": "Character",
        "limit": 3,
        "cost": 60,
        "image": "images/chaplain.webp"
    },
    {
        "name": "Chaplain in Terminator Armour",
        "type": "Character",
        "limit": 3,
        "cost": 75,
        "image": "images/chaplain-in-terminator-armour.webp"
    },
    {
        "name": "Librarian",
        "type": "Character",
        "limit": 3,
        "cost": 65,
        "image": "images/librarian.webp"
    },
    {
        "name": "Librarian in Terminator Armour",
        "type": "Character",
        "limit": 3,
        "cost": 75,
        "image": "images/librarian-in-terminator-armour.webp"
    },
    {
        "name": "Techmarine",
        "type": "Character",
        "limit": 3,
        "cost": 55,
        "image": "images/techmarine.webp"
    },
    {
        "name": "Assault Intercessor Squad",
        "type": "Battleline",
        "limit": 6,
        "cost": 75,
        "image": "images/assault-intercessor.webp"
    },
    {
        "name": "Heavy Intercessor Squad",
        "type": "Battleline",
        "limit": 6,
        "cost": 100,
        "image": "images/heavy-intercessor.webp"
    },
    {
        "name": "Intercessor Squad",
        "type": "Battleline",
        "limit": 6,
        "cost": 80,
        "image": "images/intercessor.webp"
    },
    {
        "name": "Tactical Squad",
        "type": "Battleline",
        "limit": 6,
        "cost": 140,
        "image": "images/tactical.webp"
    },
    {
        "name": "Aggressor Squad",
        "type": "Infantry",
        "limit": 3,
        "cost": 120,
        "image": "images/aggressor.webp"
    },
    {
        "name": "Bladeguard Veteran Squad",
        "type": "Infantry",
        "limit": 3,
        "cost": 90,
        "image": "images/bladeguard-veteran.webp"
    },
    {
        "name": "Centurion Assault Squad",
        "type": "Infantry",
        "limit": 3,
        "cost": 150,
        "image": "images/centurion-assault.webp"
    },
    {
        "name": "Centurion Devastator Squad",
        "type": "Infantry",
        "limit": 3,
        "cost": 185,
        "image": "images/centurion-devestator.webp"
    },
    {
        "name": "Eliminator Squad",
        "type": "Infantry",
        "limit": 3,
        "cost": 85,
        "image": "images/eliminator.webp"
    },
    {
        "name": "Infernus Squad",
        "type": "Infantry",
        "limit": 3,
        "cost": 80,
        "image": "images/infernus.webp"
    },
    {
        "name": "Terminator Squad",
        "type": "Infantry",
        "limit": 3,
        "cost": 120,
        "image": "images/terminator.webp"
    },
    {
        "name": "Outrider Squad",
        "type": "Mounted",
        "limit": 3,
        "cost": 80,
        "image": "images/outrider.webp"
    },
    {
        "name": "Dreadnought",
        "type": "Vehicle",
        "limit": 3,
        "cost": 135,
        "image": "images/dreadnought.webp"
    },
    {
        "name": "Drop Pod",
        "type": "Vehicle",
        "limit": 3,
        "cost": 70,
        "image": "images/drop-pod.webp"
    },
    {
        "name": "Land Raider",
        "type": "Vehicle",
        "limit": 3,
        "cost": 240,
        "image": "images/land-raider.webp"
    },
    {
        "name": "Predator Annihilator",
        "type": "Vehicle",
        "limit": 3,
        "cost": 130,
        "image": "images/predator-annihilator.webp"
    },
    {
        "name": "Predator Destructor",
        "type": "Vehicle",
        "limit": 3,
        "cost": 130,
        "image": "images/predator-destructor.webp"
    },
    {
        "name": "Redemptor Dreadnought",
        "type": "Vehicle",
        "limit": 3,
        "cost": 210,
        "image": "images/redemptor-dreadnought.webp"
    },
    {
        "name": "Impulsor",
        "type": "DedicatedTransport",
        "limit": 6,
        "cost": 80,
        "image": "images/impulsor.webp"
    },
    {
        "name": "Razorback",
        "type": "DedicatedTransport",
        "limit": 6,
        "cost": 95,
        "image": "images/razorback.webp"
    },
    {
        "name": "Rhino",
        "type": "DedicatedTransport",
        "limit": 6,
        "cost": 75,
        "image": "images/rhino.webp"
    }
]